cas_number,chemical_name,toxicity_type,listing_mechanism,nsrl_ug,madl_ug,date_listed
26148-68-5,"A-alpha-C (2-Amino-9H-pyrido[2,3-b]indole)",cancer,AB,2,,1990-01-01
154229-18-2,Abiraterone acetate,"developmental, female reproductive, male reproductive",FR,,,2016-04-08
75-07-0,Acetaldehyde,cancer,SQE,90,,1988-04-01
60-35-5,Acetamide,cancer,AB,10,,1990-01-01
59-66-5,Acetazolamide,developmental,FR,,,1999-08-20
34256-82-1,Acetochlor,cancer,SQE,,,1989-01-01
546-88-3,Acetohydroxamic acid,developmental,FR,,,1990-04-01
53-96-3,2-Acetylaminofluorene,cancer,SQE,0.2,,1987-07-01
62476-59-9,Acifluorfen sodium,cancer,AB,,,1990-01-01
79-06-1,Acrylamide,cancer,AB,0.2,,1990-01-01
79-06-1,Acrylamide,"developmental, male reproductive",AB,,140,2011-02-25
107-13-1,Acrylonitrile,cancer,FR,0.7,,1987-07-01
50-76-0,"Actinomycin D [Basis for listing changed effective February 22, 2013]",cancer,FR,0.00008,,1989-10-01
50-76-0,Actinomycin D,developmental,FR,,,1992-10-01
3688-53-7,AF-2;[2-(2-furyl)-3-(5-nitro-2-furyl)]acrylamide,cancer,SQE,3,,1987-07-01
---,Aflatoxins,cancer,SQE,,,1988-01-01
15972-60-8,Alachlor,cancer,SQE,,,1989-01-01
---,Alcoholic beverages,cancer,LC,,,2011-04-29
---,"Alcoholic beverages, when associated with alcohol abuse",cancer,SQE,,,1988-07-01
309-00-2,Aldrin,cancer,SQE,0.04,,1988-07-01
302-79-4,All-trans retinoic acid,developmental,SQE,,,1989-01-01
---,"Aloe vera, non-decolorized whole leaf extract",cancer,LC,,,2015-12-04
28981-97-7,Alprazolam,developmental,FR,,,1990-07-01
645-05-6,Altretamine,"developmental, male reproductive",FR,,,1999-08-20
665-66-7,Amantadine hydrochloride,developmental,FR,,,2001-02-27
39831-55-5,Amikacin sulfate,developmental,FR,,,1990-07-01
117-79-3,2-Aminoanthraquinone,cancer,LC,20,,1989-10-01
60-09-3,p-Aminoazobenzene,cancer,AB,,,1990-01-01
97-56-3,o-Aminoazotoluene,cancer,SQE,0.2,,1987-07-01
92-67-1,4-Aminobiphenyl (4-aminodiphenyl),cancer,LC,0.03,,1987-02-27
95-85-2,2-Amino-4-chlorophenol,cancer,LC,,,2019-09-13
81-49-2,"1-Amino-2,4-dibromoanthraquinone",cancer,AB,,,1997-08-26
6109-97-3,3-Amino-9-ethylcarbazole hydrochloride,cancer,SQE,9,,1989-07-01
153-78-6,2-Aminofluorene,cancer,SQE,,,1999-01-29
125-84-8,Aminoglutethimide,developmental,FR,,,1990-07-01
---,Aminoglycosides,developmental,FR,,,1992-10-01
82-28-0,1-Amino-2-methylanthraquinone,cancer,LC,5,,1989-10-01
712-68-5,"2-Amino-5-(5-nitro-2-furyl)-1,3,4-thiadiazole",cancer,SQE,0.04,,1987-07-01
119-34-6,4-Amino-2-nitrophenol,cancer,SQE,,,1999-01-29
54-62-6,Aminopterin,"developmental, female reproductive",SQE,,,1987-07-01
19774-82-4,Amiodarone hydrochloride,"developmental, female reproductive, male reproductive",FR,,,1997-08-26
33089-61-1,Amitraz,developmental,AB,,,1999-03-30
61-82-5,Amitrole,cancer,SQE,0.7,,1987-07-01
14028-44-5,Amoxapine,developmental,FR,,,1998-05-15
51264-14-3,Amsacrine,cancer,LC,,,2009-08-07
---,Anabolic steroids,"female reproductive, male reproductive",FR,,,1990-04-01
---,Analgesic mixtures containing Phenacetin,cancer,LC,,,1987-02-27
63-05-8,Androstenedione,cancer,AB,,,2011-05-03
---,Angiotensin converting enzyme  (ACE) inhibitors,developmental,FR,,,1992-10-01
62-53-3,Aniline,cancer,AB,100,,1990-01-01
142-04-1,Aniline hydrochloride,cancer,AB,,,1998-05-15
90-04-0,o-Anisidine,cancer,SQE,5,,1987-07-01
134-29-2,o-Anisidine hydrochloride,cancer,SQE,7,,1987-07-01
117-37-3,Anisindione,developmental,FR,,,1992-10-01
120-12-7,Anthracene,cancer,LC,,,2023-08-11
84-65-1,Anthraquinone,cancer,AB,,,2007-09-28
1309-64-4,Antimony oxide (Antimony trioxide),cancer,AB,0.13,,1990-10-01
140-57-8,Aramite,cancer,SQE,20,,1987-07-01
---,Areca nut,cancer,LC,,,2006-02-03
---,Aristolochic acids,cancer,LC,,,2004-07-09
--,Arsenic (inorganic arsenic compounds),cancer,LC,0.06,,1987-02-27
---,Arsenic (inorganic oxides),developmental,SQE,,,1997-05-01
1332-21-4,Asbestos,cancer,LC,100,,1987-02-27
50-78-2,"Aspirin (NOTE:  It is especially  important not to use aspirin during the last three months of pregnancy,  unless specifically directed to do so by a physician because it may cause  problems in the unborn child or  complications during delivery.)","developmental, female reproductive",SQE,,,1990-07-01
29122-68-7,Atenolol,developmental,FR,,,1997-08-26
1912-24-9,Atrazine,"developmental, female reproductive",AB,,100,2016-07-15
492-80-8,Auramine,cancer,SQE,0.8,,1987-07-01
34031-32-8,Auranofin,developmental,FR,,,1999-01-29
71751-41-2,Avermectin B1 (Abamectin),developmental,AB,,4.4,2010-12-03
320-67-2,Azacitidine,cancer,AB,,,1992-01-01
115-02-6,Azaserine,cancer,SQE,0.06,,1987-07-01
446-86-6,Azathioprine,cancer,LC,0.4,,1987-02-27
446-86-6,Azathioprine,developmental,FR,,,1996-09-01
103-33-3,Azobenzene,cancer,AB,6,,1990-01-01
---,Barbiturates,developmental,FR,,,1992-10-01
5534-09-8,Beclomethasone dipropionate,developmental,FR,,,1998-05-15
17804-35-2,Benomyl,"developmental, male reproductive",SQE,,,1991-07-01
177406-68-7,Benthiavalicarb-isopropyl,cancer,AB,,,2008-07-01
56-55-3,Benz[a]anthracene,cancer,SQE,0.033,,1987-07-01
71-43-2,Benzene,cancer,LC,6.4,,1987-02-27
71-43-2,Benzene,"developmental, male reproductive",SQE,,24,1997-12-26
92-87-5,Benzidine [and its salts],cancer,LC,0.001,,1987-02-27
---,Benzidine-based dyes,cancer,FR,,,1992-10-01
---,Benzodiazepines,developmental,FR,,,1992-10-01
205-99-2,Benzo[b]fluoranthene,cancer,SQE,0.096,,1987-07-01
205-82-3,Benzo[j]fluoranthene,cancer,SQE,0.11,,1987-07-01
207-08-9,Benzo[k]fluoranthene,cancer,SQE,,,1987-07-01
271-89-6,Benzofuran,cancer,AB,1.1,,1990-10-01
119-61-9,Benzophenone,cancer,LC,,,2012-06-22
50-32-8,Benzo[a]pyrene,cancer,SQE,0.06,,1987-07-01
98-07-7,Benzotrichloride,cancer,SQE,,,1987-07-01
5411-22-3,Benzphetamine hydrochloride,developmental,FR,,,1990-04-01
100-44-7,Benzyl chloride,cancer,AB,4,,1990-01-01
1694-09-3,Benzyl violet 4B,cancer,SQE,30,,1987-07-01
---,Beryllium and beryllium compounds,cancer,SQE,,,1987-10-01
---,Betel quid with tobacco,cancer,AB,,,1990-01-01
---,Betel quid without tobacco,cancer,LC,,,2006-02-03
216974-75-3,Bevacizumab,"developmental, female reproductive",FR,,,2019-03-08
3296-90-0,"2,2-Bis(bromomethyl)-1,3-propanediol",cancer,AB,,,1996-05-01
111-44-4,Bis(2-chloroethyl)ether,cancer,SQE,0.3,,1988-04-01
494-03-1,"N,N-Bis(2-chloroethyl)-2-naphthylamine  (Chlornapazine)",cancer,LC,,,1987-02-27
154-93-8,Bischloroethyl nitrosourea (BCNU) (Carmustine),cancer,SQE,,,1987-07-01
154-93-8,Bischloroethyl nitrosourea (BCNU) (Carmustine),developmental,FR,,,1990-07-01
542-88-1,Bis(chloromethyl)ether,cancer,LC,0.02,,1987-02-27
---,"Bis(2-chloro-1-methylethyl)ether,  technical grade",cancer,SQE,,,1999-10-29
80-05-7,Bisphenol A (BPA),female reproductive,SQE,,3,2015-05-11
80-05-7,Bisphenol A (BPA),developmental,AB,,,2020-12-18
80-09-1,Bisphenol S (BPS),female reproductive,SQE,,,2023-12-29
80-09-1,Bisphenol S (BPS),male reproductive,SQE,,,2025-01-03
80-09-1,Bisphenol S (BPS),developmental,SQE,,,2025-12-08
---,"Bitumens, extracts of steam-refined and air refined",cancer,AB,,,1990-01-01
---,Bracken fern,cancer,AB,,,1990-01-01
53404-19-6,Bromacil lithium salt,developmental,AB,,,1999-05-18
53404-19-6,Bromacil lithium salt,male reproductive,SQE,,,2003-01-17
15541-45-4,Bromate,cancer,AB,,,2002-05-31
5589-96-8,Bromochloroacetic acid,cancer,AB,0.7,,2010-04-06
109-70-6,1-Bromo-3-chloropropane,cancer,LC,,,2023-01-27
71133-14-7,Bromodichloroacetic acid,cancer,AB,0.95,,2016-07-29
75-27-4,Bromodichloromethane,cancer,AB,5,,1990-01-01
74-96-4,Bromoethane,cancer,AB,96,,2000-12-22
75-25-2,Bromoform,cancer,AB,64,,1991-04-01
106-94-5,1-Bromopropane (1-BP),cancer,AB,,,2016-08-05
106-94-5,1-Bromopropane (1-BP),"developmental, female reproductive, male reproductive",AB,,,2004-12-07
75-26-3,2-Bromopropane (2-BP),cancer,LC,,,2023-08-11
75-26-3,2-Bromopropane (2-BP),"female reproductive, male reproductive",AB,,,2005-05-31
1689-84-5,Bromoxynil,developmental,FR,,,1990-10-01
1689-99-2,Bromoxynil octanoate,developmental,AB,,,1999-05-18
143-81-7,Butabarbital sodium,developmental,FR,,,1992-10-01
106-99-0,"1,3-Butadiene",cancer,SQE,0.4,,1988-04-01
106-99-0,"1,3-Butadiene","developmental, female reproductive, male reproductive",AB,,,2004-04-16
55-98-1,"1,4-Butanediol dimethanesulfonate (Busulfan)",cancer,LC,,,1987-02-27
55-98-1,"1,4-Butanediol dimethanesulfonate (Busulfan)",developmental,SQE,,,1989-01-01
25013-16-5,Butylated hydroxyanisole,cancer,AB,4000,,1990-01-01
85-68-7,Butyl benzyl phthalate (BBP)d,developmental,AB,,1200,2005-12-02
2426-08-6,1-Butyl glycidyl ether,cancer,LC,,,2023-01-27
3068-88-0,beta-Butyrolactone,cancer,SQE,0.7,,1987-07-01
75-60-5,Cacodylic acid,cancer,AB,,,1996-05-01
---,Cadmium,"developmental, male reproductive",SQE,,4.1,1997-05-01
---,Cadmium and cadmium compounds,cancer,SQE,,,1987-10-01
---,Cannabis (marijuana) smoke,developmental,SQE,,,2020-01-03
331-39-5,Caffeic acid,cancer,AB,,,1994-10-01
2425-06-1,Captafol,cancer,SQE,5,,1988-10-01
133-06-2,Captan,cancer,AB,300,,1990-01-01
298-46-4,Carbamazepine,developmental,FR,,,1999-01-29
63-25-2,Carbaryl,cancer,AB,,,2010-02-05
63-25-2,"Carbaryl [Basis for listing changed effective December 27, 2013]","developmental, female reproductive, male reproductive",AB,,,2009-08-07
86-74-8,Carbazole,cancer,AB,4.1,,1996-05-01
1333-86-4,"Carbon black (airborne, unbound particles of respirable size)",cancer,AB,,,2003-02-21
---,Carbon-black extracts,cancer,AB,,,1990-01-01
75-15-0,Carbon disulfide,"developmental, female reproductive, male reproductive",SQE,,,1989-07-01
630-08-0,Carbon monoxide,developmental,SQE,,,1989-07-01
56-23-5,Carbon tetrachloride,cancer,SQE,5,,1987-10-01
41575-94-4,Carboplatin,developmental,FR,,,1990-07-01
60391-92-6,N-Carboxymethyl-N-nitrosourea,cancer,SQE,0.7,,2002-01-25
120-80-9,Catechol,cancer,AB,,,2003-07-15
---,Ceramic fibers (airborne particles of respirable size),cancer,AB,,,1990-07-01
---,Certain combined chemotherapy for lymphomas,cancer,LC,,,1987-02-27
474-25-9,Chenodiol,developmental,FR,,,1990-04-01
75-87-6,Chloral,cancer,LC,,,2013-09-13
302-17-0,Chloral hydrate,cancer,LC,,,2013-09-13
305-03-3,Chlorambucil,cancer,LC,0.002,,1987-02-27
305-03-3,Chlorambucil,developmental,SQE,,,1989-01-01
982-57-0,Chloramphenicol sodium succinate,cancer,FR,,,2013-09-27
1620-21-9,Chlorcyclizine hydrochloride,developmental,FR,,,1987-07-01
57-74-9,Chlordane,cancer,SQE,0.5,,1988-07-01
143-50-0,Chlordecone (Kepone),cancer,SQE,0.04,,1988-01-01
143-50-0,Chlordecone (Kepone),developmental,SQE,,,1989-01-01
58-25-3,Chlordiazepoxide,developmental,FR,,,1992-01-01
438-41-5,Chlordiazepoxide hydrochloride,developmental,FR,,,1992-01-01
6164-98-3,Chlordimeform,cancer,SQE,,,1989-01-01
115-28-6,Chlorendic acid,cancer,SQE,8,,1989-07-01
108171-26-2,"Chlorinated paraffins (Average chain length, C12;approximately 60 percent chlorine by weight)",cancer,SQE,8,,1989-07-01
106-47-8,p-Chloroaniline,cancer,AB,1.5,,1994-10-01
20265-96-7,p-Chloroaniline hydrochloride,cancer,AB,1.9,,1998-05-15
75-00-3,Chloroethane (Ethyl chloride),cancer,AB,150,,1990-07-01
13010-47-4,1-(2-Chloroethyl)-3-cyclohexyl-1-nitrosourea (CCNU) (Lomustine),cancer,SQE,,,1988-01-01
13010-47-4,1-(2-Chloroethyl)-3-cyclohexyl-1-nitrosourea (CCNU) (Lomustine),developmental,FR,,,1990-07-01
13909-09-6,1-(2-Chloroethyl)-3-(4-methylcyclohexyl)-1-nitrosourea (Methyl-CCNU),cancer,SQE,,,1988-10-01
67-66-3,Chloroform,cancer,SQE,20,,1987-10-01
67-66-3,"Chloroform [Basis for listing changed effective December 23, 2016]",developmental,SQE,,,2009-08-07
107-30-2,Chloromethyl methyl ether (technical grade),cancer,LC,0.3,,1987-02-27
563-47-3,3-Chloro-2-methylpropene,cancer,SQE,5,,1989-07-01
100-00-5,1-Chloro-4-nitrobenzene,cancer,SQE,,,1999-10-29
88-73-3,2-Chloronitrobenzene,cancer,LC,,,2019-09-13
95-83-0,4-Chloro-o-phenylenediamine,cancer,SQE,40,,1988-01-01
126-99-8,Chloroprene,cancer,AB,,,2000-06-02
598-78-7,"2-Chloropropionic acid [Basis for listing changed effective December 20, 2013]",male reproductive,SQE,,,2009-08-07
1897-45-6,Chlorothalonil,cancer,SQE,41,,1989-01-01
95-69-2,p-Chloro-o-toluidine,cancer,AB,3,,1990-01-01
---,"p-Chloro-o-toluidine, strong acid salts of",cancer,AB,,,1998-05-15
---,5-Chloro-o-toluidine and its strong acid salts,cancer,SQE,,,1997-10-24
569-57-3,Chlorotrianisene,cancer,FR,,,1996-09-01
98-56-6,"p-chloro-ŕ,ŕ,ŕ-trifluorotoluene (para-Chlorobenzotrifluoride, PCBTF)",cancer,AB,23,,2019-06-28
54749-90-5,Chlorozotocin,cancer,AB,0.003,,1992-01-01
2921-88-2,Chlorpyrifos,developmental,SQE,,0.58,2017-12-15
---,Chromium (hexavalent compounds),cancer,LC,0.001,,1987-02-27
---,Chromium (hexavalent compounds),"developmental, female reproductive, male reproductive",SQE,,8.2,2008-12-19
218-01-9,Chrysene,cancer,AB,0.35,,1990-01-01
6459-94-5,C.I. Acid Red 114,cancer,AB,,,1992-07-01
569-61-9,C.I. Basic Red 9 monohydrochloride,cancer,SQE,3,,1989-07-01
2429-74-5,C.I. Direct Blue 15,cancer,AB,,,1997-08-26
28407-37-6,C.I. Direct Blue 218,cancer,AB,50,,1997-08-26
2832-40-8,C.I. Disperse Yellow 3,cancer,SQE,,,2013-02-08
842-07-9,C.I. Solvent Yellow 14,cancer,AB,,,1998-05-15
59865-13-3; 79217-60-0,Ciclosporin (Cyclosporin A; Cyclosporine),cancer,AB,,,1992-01-01
113852-37-2,Cidofovir,"cancer, developmental, female reproductive, male reproductive",FR,,,1999-01-29
87-29-6,Cinnamyl anthranilate,cancer,SQE,200,,1989-07-01
15663-27-1,Cisplatin,cancer,SQE,,,1988-10-01
6358-53-8,Citrus Red No. 2,cancer,LC,,,1989-10-01
4291-63-8,Cladribine,developmental,FR,,,1996-09-01
81103-11-9,Clarithromycin,developmental,FR,,,1997-05-01
25122-46-7,Clobetasol propionate,"developmental, female reproductive",FR,,,1998-05-15
637-07-0,Clofibrate,cancer,FR,,,1996-09-01
50-41-9,Clomiphene citrate,cancer,FR,,,2013-05-24
50-41-9,Clomiphene citrate,developmental,FR,,,1990-04-01
57109-90-7,Clorazepate dipotassium,developmental,FR,,,1992-10-01
6814-58-0,CMNP (pyrazachlor),cancer,AB,,,2015-08-25
---,Coal-tar pitch,cancer,LC,,,2023-11-17
7440-48-4,Cobalt metal powder,cancer,AB,,,1992-07-01
1307-96-6,Cobalt [II] oxide,cancer,AB,,,1992-07-01
10124-43-3,Cobalt sulfate,cancer,LC,,,2005-05-20
10026-24-1,Cobalt sulfate heptahydrate,cancer,AB,,,2000-06-02
50-36-2,Cocaine,"developmental, female reproductive",SQE,,,1989-07-01
---,Coconut oil diethanolamine condensate (cocamide diethanolamine),cancer,LC,,,2012-06-22
52-28-8,Codeine phosphate,developmental,FR,,,1998-05-15
---,Coke oven emissions,cancer,LC,0.3,,1987-02-27
64-86-8,Colchicine,"developmental, male reproductive",FR,,,1992-10-01
---,Conjugated estrogens,cancer,LC,,,1987-02-27
---,Conjugated estrogens,developmental,FR,,,1990-04-01
---,Creosotes,cancer,SQE,,,1988-10-01
120-71-8,p-Cresidine,cancer,SQE,5,,1988-01-01
98-82-8,Cumene,cancer,AB,,,2010-04-06
135-20-6,Cupferron,cancer,SQE,3,,1988-01-01
21725-46-2,Cyanazine,developmental,FR,,,1990-04-01
14901-08-7,Cycasin,cancer,SQE,,,1988-01-01
1134-23-2,Cycloate,developmental,AB,,,1999-03-19
66-81-9,Cycloheximide,developmental,FR,,,1989-01-01
27208-37-3,Cyclopenta[cd]pyrene,cancer,LC,,,2011-04-29
50-18-0,Cyclophosphamide (anhydrous),cancer,LC,1,,1987-02-27
6055-19-2,Cyclophosphamide (hydrated),cancer,LC,1,,1987-02-27
13121-70-5,Cyhexatin,developmental,FR,,,1989-01-01
147-94-4,Cytarabine,developmental,SQE,,,1989-01-01
21739-91-3,Cytembena,cancer,AB,,,1998-05-15
3468-63-1,D&C Orange No. 17,cancer,AB,,,1990-07-01
2092-56-0,D&C Red No. 8,cancer,AB,,,1990-10-01
5160-02-1,D&C Red No. 9,cancer,AB,100,,1990-07-01
81-88-9,D&C Red No. 19,cancer,AB,,,1990-07-01
4342-03-4,Dacarbazine,cancer,SQE,0.01,,1988-01-01
4342-03-4,Dacarbazine,developmental,FR,,,1999-01-29
1596-84-5,Daminozide,cancer,AB,40,,1990-01-01
17230-88-5,Danazol,developmental,FR,,,1990-04-01
117-10-2,"Dantron (Chrysazin; 1,8-Dihydroxyanthraquinone)",cancer,AB,9,,1992-01-01
20830-81-3,Daunomycin,cancer,SQE,,,1988-01-01
23541-50-6,Daunorubicin hydrochloride,developmental,FR,,,1990-07-01
94-82-6,"2,4-D butyric acid [Click here for the basis for the removal of developmental endpoint, effective June 22, 2001]","developmental, male reproductive",AB,,910,1999-06-18
72-54-8,DDD (Dichlorodiphenyl-dichloroethane),cancer,SQE,2,,1989-01-01
72-55-9,DDE (Dichlorodiphenyl-dichloroethylene),cancer,SQE,2,,1989-01-01
50-29-3,DDT (Dichlorodiphenyl-trichloroethane),cancer,SQE,2,,1987-10-01
789-02-6,"o,p'-DDT","developmental, female reproductive, male reproductive",AB,,,1998-05-15
50-29-3,"p,p'-DDT","developmental, female reproductive, male reproductive",AB,,,1998-05-15
62-73-7,DDVP (Dichlorvos),cancer,SQE,2,,1989-01-01
64-73-3,Demeclocycline hydrochloride (internal use),developmental,FR,,,1992-01-01
6190-65-4,Des-ethyl atrazine (DEA),"developmental, female reproductive",AB,,100,2016-07-15
1007-28-9,Des-isopropyl atrazine (DIA),"developmental, female reproductive",AB,,100,2016-07-15
613-35-4,"N,N'-Diacetylbenzidine",cancer,LC,,,1989-10-01
615-05-4,"2,4-Diaminoanisole",cancer,FR,30,,1990-10-01
39156-41-7,"2,4-Diaminoanisole sulfate",cancer,SQE,50,,1988-01-01
3397-62-4,"2,4-Diamino-6-chloro-s-triazine (DACT)","developmental, female reproductive",AB,,100,2016-07-15
101-80-4,"4,4'-Diaminodiphenyl ether (4,4'-Oxydianiline)",cancer,SQE,5,,1988-01-01
95-80-7,"2,4-Diaminotoluene",cancer,SQE,0.2,,1988-01-01
439-14-5,Diazepam,developmental,FR,,,1992-01-01
136-35-6,Diazoaminobenzene,cancer,LC,,,2005-05-20
364-98-7,Diazoxide,developmental,FR,,,2001-02-27
226-36-8,"Dibenz[a,h]acridine",cancer,SQE,,,1988-01-01
224-42-0,"Dibenz[a,j]acridine",cancer,SQE,,,1988-01-01
---,Dibenzanthracenes,cancer,SQE,,,2014-12-26
215-58-7,"Dibenz[a,c]anthracene",cancer,SQE,,,2014-12-26
53-70-3,"Dibenz[a,h]anthracene",cancer,SQE,0.2,,1988-01-01
224-41-9,"Dibenz[a,j]anthracene",cancer,SQE,,,2014-12-26
194-59-2,"7H-Dibenzo[c,g]carbazole",cancer,SQE,0.0030,,1988-01-01
192-65-4,"Dibenzo[a,e]pyrene",cancer,SQE,,,1988-01-01
189-64-0,"Dibenzo[a,h]pyrene",cancer,SQE,0.0054,,1988-01-01
189-55-9,"Dibenzo[a,i]pyrene",cancer,SQE,0.0050,,1988-01-01
191-30-0,"Dibenzo[a,l]pyrene",cancer,SQE,,,1988-01-01
631-64-1,Dibromoacetic acid,cancer,AB,2.8,,2008-06-17
3252-43-5,Dibromoacetonitrile,cancer,AB,,,2011-05-03
96-12-8,"1,2-Dibromo-3-chloropropane  (DBCP)",cancer,FR,0.1,,1987-07-01
96-12-8,"1,2-Dibromo-3-chloropropane  (DBCP) [Basis for listing changed effective November 22, 2013]",male reproductive,FR,,3.1,1987-02-27
96-13-9,"2,3-Dibromo-1-propanol",cancer,AB,,,1994-10-01
79-43-6,Dichloroacetic acid,cancer,AB,17,,1996-05-01
79-43-6,Dichloroacetic acid,"developmental, male reproductive",AB,,,2009-08-07
106-46-7,p-Dichlorobenzene,cancer,SQE,20,,1989-01-01
91-94-1,"3,3'-Dichlorobenzidine",cancer,SQE,0.6,,1987-10-01
612-83-9,"3,3'-Dichlorobenzidine dihydrochloride",cancer,AB,,,1998-05-15
72-55-9,"1,1-Dichloro-2,2-bis(p-chloropheny)ethylene (DDE)","developmental, male reproductive",AB,,,2010-03-30
764-41-0,"1,4-Dichloro-2-butene",cancer,AB,,,1990-01-01
28434-86-8,"3,3'-Dichloro-4,4'-diamino-diphenyl ether",cancer,SQE,,,1988-01-01
75-34-3,"1,1-Dichloroethane",cancer,AB,100,,1990-01-01
75-09-2,Dichloromethane (Methylene chloride),cancer,SQE,50,,1988-04-01
89-61-2,"1,4-Dichloro-2-nitrobenzene",cancer,LC,,,2019-09-13
611-06-3,"2,4-Dichloro-1-nitrobenzene",cancer,LC,,,2019-09-13
97-23-4,Dichlorophene,developmental,AB,,,1999-04-27
120-97-8,Dichlorphenamide,developmental,FR,,,2001-02-27
78-87-5,"1,2-Dichloropropane",cancer,AB,9.7,,1990-01-01
96-23-1,"1,3-Dichloro-2-propanol (1,3-DCP)",cancer,SQE,,,2010-10-08
542-75-6,"1,3-Dichloropropene",cancer,SQE,3.7,,1989-01-01
51338-27-3,Diclofop-methyl,cancer,AB,,,2010-04-06
51338-27-3,Diclofop methyl,developmental,AB,,,1999-03-05
66-76-2,Dicumarol,developmental,FR,,,1992-10-01
60-57-1,Dieldrin,cancer,SQE,0.04,,1988-07-01
1464-53-5,Diepoxybutane,cancer,SQE,,,1988-01-01
---,Diesel engine exhaust,cancer,AB,,,1990-10-01
111-42-2,Diethanolamine,cancer,LC,,,2012-06-22
117-81-7,Di(2-ethylhexyl)phthalate (DEHP),cancer,SQE,310,,1988-01-01
117-81-7,Di(2-ethylhexyl)phthalate (DEHP),"developmental, male reproductive",AB,,,2003-10-24
1615-80-1,"1,2-Diethylhydrazine",cancer,SQE,,,1988-01-01
56-53-1,Diethylstilbestrol (DES),cancer,LC,0.002,,1987-02-27
56-53-1,Diethylstilbestrol (DES),developmental,FR,,,1987-07-01
64-67-5,Diethyl sulfate,cancer,SQE,,,1988-01-01
22494-42-4,Diflunisal,"developmental, female reproductive",FR,,,1999-01-29
101-90-6,Diglycidyl resorcinol ether (DGRE),cancer,SQE,0.4,,1989-07-01
6190-39-2,Dihydroergotamine mesylate,developmental,FR,,,1997-05-01
94-58-6,Dihydrosafrole,cancer,SQE,20,,1988-01-01
68515-49-1/      26761-40-0,Di-isodecyl phthalate (DIDP),developmental,AB,,2200,2007-04-20
---,Diisononyl phthalate (DINP),cancer,SQE,146,,2013-12-20
2973-10-6,Diisopropyl sulfate,cancer,AB,,,1993-04-01
33286-22-5,Diltiazem hydrochloride,developmental,FR,,,2001-02-27
119-90-4,"3,3'-Dimethoxybenzidine (o-Dianisidine)",cancer,SQE,0.15,,1988-01-01
20325-40-0,"3,3'-Dimethoxybenzidine dihydrochloride",cancer,AB,0.19,,1990-10-01
---,"3,3'-Dimethoxybenzidine-based dyes metabolized to 3,3'-dimethoxybenzidine",cancer,AB,,,2004-06-11
127-19-5,"N,N-Dimethylacetamide",cancer,LC,,,2019-09-13
127-19-5,"N,N-Dimethylacetamide [Click here for the basis for addition of male reproductive endpoint, effective December 20, 2013]","developmental, male reproductive",SQE,,,2010-05-21
60-11-7,4-Dimethylaminoazobenzene,cancer,SQE,0.2,,1988-01-01
55738-54-0,"trans-2-[(Dimethylamino)methylimino]-5-[2-(5-nitro-2-furyl)vinyl]-1,3,4-oxadiazole",cancer,SQE,2,,1988-01-01
57-97-6,"7,12-Dimethylbenz(a)anthracene",cancer,AB,0.003,,1990-01-01
119-93-7,"3,3'-Dimethylbenzidine (ortho-Tolidine)",cancer,SQE,0.044,,1988-01-01
---,"3,3'-Dimethylbenzidine-based dyes metabolized to 3,3'-dimethylbenzidine",cancer,AB,,,2004-06-11
612-82-8,"3,3'-Dimethylbenzidine dihydrochloride",cancer,AB,0.059,,1992-04-01
79-44-7,Dimethylcarbamoyl chloride,cancer,SQE,0.05,,1988-01-01
68-12-2,"N,N-Dimethylformamide",cancer,LC,,,2017-10-27
57-14-7,"1,1-Dimethylhydrazine (UDMH)",cancer,LC,,,1989-10-01
540-73-8,"1,2-Dimethylhydrazine",cancer,SQE,0.001,,1988-01-01
868-85-9,Dimethyl hydrogen phosphite,cancer,LC,,,2023-08-11
1456-28-6,"2,6-Dimethyl-N-nitrosomorpholine (DMNM)",cancer,SQE,,,2013-02-08
77-78-1,Dimethyl sulfate,cancer,SQE,,,1988-01-01
99-97-8,"N,N-Dimethyl-p-toluidine",cancer,AB,,,2014-05-02
513-37-1,Dimethylvinylchloride,cancer,SQE,20,,1989-07-01
84-74-2,Di-n-butyl phthalate (DBP),"developmental, female reproductive, male reproductive",AB,,8.7,2005-12-02
84-75-3,Di-n-hexyl phthalate (DnHP),"female reproductive, male reproductive",AB,,2200,2005-12-02
99-65-0,m-Dinitrobenzene,male reproductive,AB,,38,1990-07-01
528-29-0,o-Dinitrobenzene,male reproductive,AB,,,1990-07-01
100-25-4,p-Dinitrobenzene,male reproductive,AB,,,1990-07-01
105735-71-5,"3,7-Dinitrofluoranthene",cancer,AB,,,1997-08-26
22506-53-2,"3,9-Dinitrofluoranthene",cancer,AB,,,1997-08-26
75321-20-9,"1,3-Dinitropyrene",cancer,LC,,,2012-11-02
42397-64-8,"1,6-Dinitropyrene",cancer,AB,,,1990-10-01
42397-65-9,"1,8-Dinitropyrene",cancer,AB,,,1990-10-01
121-14-2,"2,4-Dinitrotoluene",cancer,SQE,2,,1988-07-01
121-14-2,"2,4-Dinitrotoluene",male reproductive,AB,,,1999-08-20
606-20-2,"2,6-Dinitrotoluene",cancer,SQE,,,1995-07-01
606-20-2,"2,6-Dinitrotoluene",male reproductive,AB,,,1999-08-20
---,Dinitrotoluene (technical grade),"female reproductive, male reproductive",AB,,,1999-08-20
---,"Dinitrotoluene mixture, 2,4-/2,6-",cancer,AB,,,1996-05-01
39300-45-3,Dinocap,developmental,FR,,,1990-04-01
88-85-7,Dinoseb,"developmental, male reproductive",FR,,,1989-01-01
136-45-8,Di-n-propyl isocinchomeronate (MGK Repellent 326),cancer,AB,,,1996-05-01
123-91-1,"1,4-Dioxane",cancer,SQE,30,,1988-01-01
57-41-0,Diphenylhydantoin (Phenytoin),cancer,SQE,,,1988-01-01
57-41-0,Diphenylhydantoin (Phenytoin),developmental,SQE,,,1987-07-01
630-93-3,"Diphenylhydantoin (Phenytoin), sodium salt",cancer,SQE,,,1988-01-01
1937-37-7,Direct Black 38 (technical grade),cancer,SQE,0.09,,1988-01-01
2602-46-2,Direct Blue 6 (technical grade),cancer,SQE,0.09,,1988-01-01
16071-86-6,Direct Brown 95 (technical grade),cancer,SQE,0.1,,1988-10-01
138-93-2,Disodium cyanodithioimidocarbonate,developmental,AB,,56,1999-03-30
2475-45-8,Disperse Blue 1,cancer,AB,200,,1990-10-01
330-54-1,Diuron,cancer,AB,,,2002-05-31
25316-40-9,Doxorubicin hydrochloride (Adriamycin),cancer,SQE,,,1987-07-01
25316-40-9,Doxorubicin hydrochloride (Adriamycin),"developmental, male reproductive",FR,,,1999-01-29
564-25-0,Doxycycline (internal use),developmental,FR,,,1990-07-01
94088-85-4,Doxycycline calcium (internal use),developmental,FR,,,1992-01-01
24390-14-5,Doxycycline hyclate (internal use),developmental,FR,,,1991-10-01
17086-28-1,Doxycycline monohydrate (internal use),developmental,FR,,,1991-10-01
---,Emissions from combustion of coal,cancer,AB,,,2013-08-07
---,Emissions from high-temperature unrefined rapeseed oil,cancer,AB,,,2014-01-03
72-20-8,Endrin,developmental,AB,,,1998-05-15
---,Environmental tobacco smoke (ETS),developmental,SQE,,,2006-06-09
106-89-8,Epichlorohydrin,cancer,SQE,9,,1987-10-01
106-89-8,Epichlorohydrin,male reproductive,AB,,,1996-09-01
135319-73-2,Epoxiconazole,cancer,AB,,,2011-04-15
379-79-3,Ergotamine tartrate,developmental,FR,,,1990-04-01
12510-42-8; 66733-21-9,Erionite,cancer,SQE,,,1988-10-01
50-28-2,Estradiol 17B,cancer,SQE,0.02,,1988-01-01
140-67-0,Estragole,cancer,SQE,,,1999-10-29
---,"Estrogens, steroidal",cancer,LC,,,2005-08-19
---,Estrogen-progestogen (combined) used as menopausal therapy,cancer,LC,,,2011-11-04
53-16-7,Estrone,cancer,SQE,,,1988-01-01
7280-37-7,Estropipate,"cancer, developmental",FR,,,1997-08-26
57-63-6,Ethinylestradiol,cancer,SQE,,,1988-01-01
536-33-4,Ethionamide,developmental,FR,,,1997-08-26
13194-48-4,Ethoprop,cancer,AB,,,2001-02-27
140-88-5,Ethyl acrylate,cancer,SQE,,,1989-07-01
---,Ethyl alcohol in alcoholic beverages,developmental,SQE,,,1987-10-01
100-41-4,Ethylbenzene,cancer,AB,54,,2004-06-11
759-94-4,Ethyl dipropylthiocarbamate,developmental,AB,,700,1999-04-27
510-15-6,"Ethyl-4,4'-dichlorobenzilate",cancer,AB,7,,1990-01-01
106-93-4,Ethylene dibromide,cancer,FR,0.2,,1987-07-01
106-93-4,Ethylene dibromide,"developmental, male reproductive",AB,,,1998-05-15
107-06-2,"Ethylene dichloride (1,2-Dichloroethane)",cancer,SQE,10,,1987-10-01
107-21-1,Ethylene glycol (ingested),developmental,AB,,8700,2015-06-19
110-80-5,Ethylene glycol monoethyl ether,"developmental, male reproductive",SQE,,750,1989-01-01
111-15-9,Ethylene glycol monoethyl ether acetate,"developmental, male reproductive",AB,,1100,1993-01-01
109-86-4,Ethylene glycol monomethyl ether,"developmental, male reproductive",SQE,,63,1989-01-01
110-49-6,Ethylene glycol monomethyl ether acetate,"developmental, male reproductive",AB,,98,1993-01-01
151-56-4,Ethyleneimine (Aziridine),cancer,SQE,0.01,,1988-01-01
75-21-8,Ethylene oxide,cancer,FR,2,,1987-07-01
75-21-8,"Ethylene oxide [Basis for listing changed effective November 22, 2013]",female reproductive,FR,,20,1987-02-27
75-21-8,"Ethylene oxide [Basis for listing changed effective November 22, 2013]","developmental, male reproductive",FR,,20,2009-08-07
96-45-7,Ethylene thiourea,cancer,AB,20,,1988-01-01
96-45-7,Ethylene thiourea,developmental,SQE,,,1993-01-01
103-11-7,2-Ethylhexyl acrylate,cancer,LC,,,2021-12-17
62-50-0,Ethyl methanesulfonate,cancer,SQE,,,1988-01-01
41340-25-4,Etodolac,"developmental, female reproductive",FR,,,1999-08-20
33419-42-0,Etoposide,cancer,LC,,,2011-11-04
33419-42-0,Etoposide,developmental,FR,,,1990-07-01
---,Etoposide in combination with cisplatin and bleomycin,cancer,LC,,,2011-11-04
54350-48-0,Etretinate,developmental,SQE,,,1987-07-01
66441-23-4,Fenoxaprop ethyl,developmental,AB,,,1999-03-26
72490-01-8,Fenoxycarb,cancer,AB,,,2000-06-02
121181-53-1,Filgrastim,developmental,FR,,,2001-02-27
69806-50-4,Fluazifop butyl,developmental,AB,,,1998-11-06
3385-03-3,Flunisolide,"developmental, female reproductive",FR,,,1998-05-15
51-21-8,Fluorouracil,developmental,SQE,,,1989-01-01
---,Fluoro-edenite fibrous amphibole,cancer,LC,,,2023-11-17
76-43-7,Fluoxymesterone,developmental,FR,,,1990-04-01
1172-18-5,Flurazepam hydrochloride,developmental,FR,,,1992-10-01
5104-49-4,Flurbiprofen,"developmental, female reproductive",FR,,,1999-08-20
13311-84-7,Flutamide,developmental,FR,,,1990-07-01
80474-14-2,Fluticasone propionate,developmental,FR,,,1998-05-15
69409-94-5,Fluvalinate,developmental,AB,,,1998-11-06
133-07-3,Folpet,cancer,SQE,200,,1989-01-01
50-00-0,Formaldehyde (gas),cancer,SQE,40,,1988-01-01
3570-75-0,2-(2-Formylhydrazino)-4-(5-nitro-2-furyl)thiazole,cancer,SQE,0.3,,1988-01-01
116355-83-0,Fumonisin B1,cancer,AB,,,2003-11-14
110-00-9,Furan,cancer,AB,,,1993-10-01
67-45-8,Furazolidone,cancer,AB,,,1990-01-01
98-00-0,Furfuryl alcohol,cancer,AB,,,2016-09-30
60568-05-0,Furmecyclox,cancer,AB,20,,1990-01-01
79748-81-5,Fusarin C,cancer,SQE,,,1995-07-01
1303-00-0,Gallium arsenide,cancer,LC,,,2008-08-01
82410-32-0,Ganciclovir,"cancer, developmental, male reproductive",FR,,,1997-08-26
107910-75-8,Ganciclovir sodium,"developmental, male reproductive",FR,,,1997-08-26
---,Gasoline engine exhaust (condensates/extracts),cancer,AB,,,1990-10-01
25812-30-0,Gemfibrozil,cancer,FR,,,2000-12-22
25812-30-0,Gemfibrozil,"female reproductive, male reproductive",FR,,,1999-08-20
548-62-9,Gentian violet (Crystal violet),cancer,SQE,,,2018-11-23
---,Glass wool fibers (inhalable and biopersistent),cancer,AB,,,1990-07-01
67730-11-4,"Glu-P-1 (2-Amino-6-methyldipyrido[1,2- a:3',2'-d]imidazole)",cancer,AB,0.1,,1990-01-01
67730-10-3,"Glu-P-2 (2-Aminodipyrido[1,2-a:3',2'-d]imidazole)",cancer,AB,0.5,,1990-01-01
765-34-4,Glycidaldehyde,cancer,SQE,,,1988-01-01
556-52-5,Glycidol,cancer,AB,0.54,,1990-07-01
106-91-2,Glycidyl methacrylate,cancer,LC,,,2023-01-27
1071-83-6,Glyphosate,cancer,LC,1100,,2017-07-07
---,Goldenseal root powder,cancer,LC,,,2015-12-04
65807-02-5,Goserelin acetate,"developmental, female reproductive, male reproductive",FR,,,1997-08-26
126-07-8,Griseofulvin,cancer,AB,,,1990-01-01
16568-02-8,Gyromitrin (Acetaldehyde methylformylhydrazone),cancer,SQE,0.07,,1988-01-01
23092-17-3,Halazepam,developmental,FR,,,1990-07-01
66852-54-8,Halobetasol propionate,developmental,FR,,,1999-08-20
52-86-8,Haloperidol,"developmental, female reproductive",FR,,,1999-01-29
151-67-7,Halothane,developmental,FR,,,1996-09-01
2784-94-3,HC Blue 1,cancer,SQE,10,,1989-07-01
76-44-8,Heptachlor,cancer,SQE,0.2,,1988-07-01
76-44-8,Heptachlor,developmental,AB,,,1999-08-20
1024-57-3,Heptachlor epoxide,cancer,SQE,0.08,,1988-07-01
---,Herbal remedies containing plant species of the genus Aristolochia,cancer,LC,,,2004-07-09
118-74-1,Hexachlorobenzene,cancer,SQE,0.4,,1987-10-01
118-74-1,Hexachlorobenzene,developmental,SQE,,,1989-01-01
87-68-3,Hexachlorobutadiene,cancer,AB,,,2011-05-03
---,Hexachlorocyclohexane (technical grade),cancer,SQE,0.2,,1987-10-01
34465-46- 8,Hexachlorodibenzodioxin,cancer,SQE,0.0002,,1988-04-01
67-72-1,Hexachloroethane,cancer,AB,20,,1990-07-01
---,"2,4-Hexadienal (89% trans, trans isomer; 11% cis, trans isomer)",cancer,AB,,,2005-03-04
680-31-9,Hexamethylphosphoramide,cancer,SQE,,,1988-01-01
680-31-9,Hexamethylphosphoramide,male reproductive,AB,,,1994-10-01
110-54-3,n-Hexane,male reproductive,SQE,,28000,2017-12-15
110-13-4,"2,5-Hexanedione",male reproductive,SQE,,,2015-12-04
---,Histrelin acetate,developmental,FR,,,1998-05-15
67485-29-4,Hydramethylnon,"developmental, male reproductive",AB,,120,1999-03-05
302-01-2,Hydrazine,cancer,SQE,0.04,,1988-01-01
10034-93-2,Hydrazine sulfate,cancer,SQE,0.2,,1988-01-01
122-66-7,"Hydrazobenzene (1,2-Diphenylhydrazine)",cancer,SQE,0.8,,1988-01-01
---,Hydrogen cyanide (HCN) and cyanide salts (CN salts),male reproductive,AB,,,2013-07-05
129-43-1,1-Hydroxyanthraquinone,cancer,LC,,,2005-05-27
127-07-1,Hydroxyurea,developmental,FR,,,1997-05-01
57852-57-0,Idarubicin hydrochloride,"developmental, male reproductive",FR,,,1999-08-20
3778-73-2,Ifosfamide,developmental,FR,,,1990-07-01
10043-66-0,Iodine-131,developmental,SQE,,,1989-01-01
35554-44-0,Imazalil,cancer,AB,11,,2011-05-20
193-39-5,"Indeno[1,2,3-cd]pyrene",cancer,SQE,,,1988-01-01
22398-80-7,Indium phosphide,cancer,AB,,,2001-02-27
50926-11-9,Indium tin oxide,cancer,LC,,,2021-03-19
76180-96-6,"IQ (2-Amino-3-methylimidazo[4,5-f] quinoline)",cancer,AB,0.5,,1990-04-01
36734-19-7,Iprodione,cancer,AB,,,1996-05-01
140923-17-7/ 140923-25-7,Iprovalicarb,cancer,AB,,,2007-06-01
9004-66-4,Iron dextran complex,cancer,SQE,,,1988-01-01
542-56-3,Isobutyl nitrite,cancer,AB,7.4,,1996-05-01
78-79-5,Isoprene,cancer,AB,,,1996-05-01
881685-58-1,Isopyrazam,cancer,AB,,,2012-07-24
4759-48-2,Isotretinoin,developmental,SQE,,,1987-07-01
141112-29-0,Isoxaflutole,cancer,AB,,,2000-12-22
143390-89-0,Kresoxim-methyl,cancer,AB,,,2012-02-03
77501-63-4,Lactofen,cancer,SQE,,,1989-01-01
303-34-4,Lasiocarpine,cancer,SQE,0.09,,1988-04-01
---,"Lead [Basis for listing changed effective November 22, 2013]","developmental, female reproductive, male reproductive",FR,,0.5,1987-02-27
---,Lead and lead compounds,cancer,AB,,,1992-10-01
301-04-2,Lead acetate,cancer,SQE,23,,1988-01-01
7446-27-7,Lead phosphate,cancer,SQE,58,,1988-04-01
1335-32-6,Lead subacetate,cancer,LC,41,,1989-10-01
---,Leather dust,cancer,LC,,,2011-04-29
129-73-7,Leucomalachite green,cancer,LC,,,2023-04-21
74381-53-6,Leuprolide acetate,"developmental, female reproductive, male reproductive",FR,,,1997-08-26
59-92-7,Levodopa,developmental,FR,,,1999-01-29
797-63-7,Levonorgestrel implants,female reproductive,FR,,,1998-05-15
---,Lindane and other hexachlorocyclohexane isomers,cancer,LC,,,1989-10-01
330-55-2,Linuron,developmental,AB,,460,1999-03-19
554-13-2,Lithium carbonate,developmental,FR,,,1991-01-01
919-16-4,Lithium citrate,developmental,FR,,,1991-01-01
846-49-1,Lorazepam,developmental,FR,,,1990-07-01
75330-75-5,Lovastatin,developmental,FR,,,1992-10-01
52-76-6,Lynestrenol,cancer,AB,,,2001-02-27
121-75-5,Malathion,cancer,LC,180,,2016-05-20
24382-04-5,"Malonaldehyde, sodium salt",cancer,AB,,,2011-05-03
8018-01-7,Mancozeb,cancer,AB,,,1990-01-01
12427-38-2,Maneb,cancer,AB,,,1990-01-01
---,Marijuana smoke,cancer,SQE,,,2009-06-19
68006-83-7,"Me-A-alpha-C (2-Amino-3-methyl-9H-pyrido[2,3-b]indole)",cancer,AB,0.6,,1990-01-01
31431-39-7,Mebendazole,developmental,FR,,,1999-08-20
71-58-9,Medroxyprogesterone acetate,cancer,AB,,,1990-01-01
71-58-9,Medroxyprogesterone acetate,developmental,FR,,,1990-04-01
595-33-5,Megestrol acetate,cancer,FR,,,2014-03-28
595-33-5,Megestrol acetate,developmental,FR,,,1991-01-01
77094-11-2,"MeIQ (2-Amino-3,4-dimethylimidazo[4,5-f]quinoline)",cancer,AB,0.46,,1994-10-01
77500-04-0,"MeIQx (2-Amino-3,8-dimethylimidazo[4,5-f]quinoxaline)",cancer,AB,0.41,,1994-10-01
148-82-3,Melphalan,cancer,LC,0.005,,1987-02-27
148-82-3,Melphalan,developmental,FR,,,1990-07-01
9002-68-0,Menotropins,developmental,FR,,,1990-04-01
110235-47-7,Mepanipyrim,cancer,AB,,,2008-07-01
57-53-4,Meprobamate,developmental,FR,,,1992-01-01
149-30-4,2?Mercaptobenzothiazole,cancer,LC,,,2017-10-27
6112-76-1,Mercaptopurine,developmental,FR,,,1990-07-01
---,Mercury and mercury compounds,developmental,AB,,,1990-07-01
531-76-0,Merphalan,cancer,SQE,,,1988-04-01
72-33-3,Mestranol,cancer,SQE,,,1988-04-01
137-41-7,Metam potassium,cancer,AB,,,2010-12-31
3963-95-9,Methacycline hydrochloride,developmental,FR,,,1991-01-01
137-42-8,Metham sodium,cancer,AB,,,1998-11-06
137-42-8,Metham sodium,developmental,AB,,290,1998-05-15
67-56-1,Methanol,developmental,AB,,47000,2012-03-16
20354-26-1,Methazole,developmental,AB,,,1999-12-01
60-56-0,Methimazole,developmental,FR,,,1990-07-01
59-05-2,Methotrexate,developmental,SQE,,,1989-01-01
15475-56-6,Methotrexate sodium,developmental,FR,,,1990-04-01
484-20-8,5-Methoxypsoralen with ultraviolet A therapy,cancer,SQE,,,1988-10-01
298-81-7,8-Methoxypsoralen with ultraviolet A therapy,cancer,LC,,,1987-02-27
96-33-3,Methyl acrylate,cancer,LC,,,2021-12-17
75-55-8,2-Methylaziridine (Propyleneimine),cancer,SQE,0.028,,1988-01-01
590-96-5,Methylazoxymethanol,cancer,SQE,,,1988-04-01
592-62-1,Methylazoxymethanol acetate,cancer,SQE,,,1988-04-01
74-83-9,"Methyl bromide, as a structural fumigant",developmental,FR,,810,1993-01-01
598-55-0,Methyl carbamate,cancer,AB,160,,1998-05-15
74-87-3,Methyl chloride,developmental,AB,,,2000-03-10
74-87-3,"Methyl chloride [Basis for listing changed effective March 7, 2014]",male reproductive,AB,,,2009-08-07
56-49-5,3-Methylcholanthrene,cancer,AB,0.03,,1990-01-01
3697-24-3,5-Methylchrysene,cancer,SQE,0.0084,,1988-04-01
101-14-4,"4,4'-Methylene bis(2-chloroaniline)",cancer,FR,0.5,,1987-07-01
101-61-1,"4,4'-Methylene bis(N,N-dimethyl)benzenamine",cancer,LC,20,,1989-10-01
838-88-0,"4,4'-Methylene bis(2-methylaniline)",cancer,SQE,0.8,,1988-04-01
101-77-9,"4,4'-Methylenedianiline",cancer,SQE,0.4,,1988-01-01
13552-44-8,"4,4'-Methylenedianiline dihydrochloride",cancer,SQE,0.6,,1988-01-01
93-15-2,Methyleugenol,cancer,AB,,,2001-11-16
---,Methylhydrazine and its salts,cancer,AB,,,1992-07-01
693-98-1,2-Methylimidazole,cancer,LC,,,2012-06-22
822-36-6,4-Methylimidazole,cancer,AB,29,,2011-01-07
74-88-4,Methyl iodide,cancer,SQE,,,1988-04-01
108-10-1,Methyl isobutyl ketone,cancer,LC,,,2011-11-04
108-10-1,Methyl isobutyl ketone (MIBK),developmental,AB,,,2014-03-28
624-83-9,Methyl isocyanate (MIC),"developmental, female reproductive",SQE,,,2010-11-12
---,Methyl mercury,developmental,SQE,,,1987-07-01
---,Methylmercury compounds,cancer,AB,,,1996-05-01
66-27-3,Methyl methanesulfonate,cancer,SQE,7,,1988-04-01
591-78-6,Methyl-n-butyl ketone,developmental,SQE,,,2015-12-04
591-78-6,"Methyl-n-butyl ketone [Basis for listing changed effective November 9, 2015]",male reproductive,SQE,,,2009-08-07
129-15-7,2-Methyl-1-nitroanthraquinone (of uncertain purity),cancer,SQE,0.2,,1988-04-01
758-17-8,N-Methyl-N-Formylhydrazine,cancer,SQE,,,2025-12-08
70-25-7,N-Methyl-N'-nitro-N-nitrosoguanidine,cancer,SQE,0.08,,1988-04-01
924-42-5,N-Methylolacrylamide,cancer,AB,,,1990-07-01
872-50-4,N-Methylpyrrolidone,developmental,AB,,3200,2001-06-15
98-83-9,ŕ-Methyl styrene (alpha-Methylstyrene),cancer,LC,,,2012-11-02
58-18-4,Methyltestosterone,developmental,FR,,,1990-04-01
56-04-2,Methylthiouracil,cancer,LC,2,,1989-10-01
9006-42-2,Metiram,cancer,AB,,,1990-01-01
9006-42-2,Metiram,developmental,AB,,,1999-03-30
443-48-1,Metronidazole,cancer,SQE,,,1988-01-01
90-94-8,Michler's ketone,cancer,SQE,0.8,,1988-01-01
59467-96-8,Midazolam hydrochloride,developmental,FR,,,1990-07-01
13614-98-7,Minocycline hydrochloride (internal use),developmental,FR,,,1992-01-01
2385-85-5,Mirex,cancer,SQE,0.04,,1988-01-01
59122-46-2,Misoprostol,developmental,FR,,,1990-04-01
50-07-7,Mitomycin C,cancer,SQE,0.00009,,1988-04-01
70476-82-3,Mitoxantrone hydrochloride,cancer,FR,,,2015-01-23
70476-82-3,Mitoxantrone hydrochloride,developmental,FR,,,1990-07-01
2212-67-1,Molinate,"developmental, female reproductive, male reproductive",AB,,,2009-12-11
1313-27-5,Molybdenum trioxide,cancer,LC,,,2021-03-19
71526-07-3,"MON 4660 (dichloroacetyl-1-oxa-4-azaspiro(4,5)-decane",cancer,AB,,,2011-03-22
121776-33-8,MON 13900 (furilazole),cancer,AB,,,2011-03-22
96-24-2,"3-Monochloropropane-1,2-diol (3-MCPD)",cancer,SQE,,,2010-10-08
315-22-0,Monocrotaline,cancer,SQE,0.07,,1988-04-01
113803-47-7,MOPP (vincristine-prednisone-nitrogen mustard-procarbazine mixture),cancer,LC,,,2011-11-04
139-91-3,5-(Morpholinomethyl)-3-[(5-nitrofurfuryl-idene)-amino]-2-oxazolidinone,cancer,SQE,0.18,,1988-04-01
505-60-2,Mustard Gas,cancer,LC,,,1987-02-27
77439-76-0,MX (3-chloro-4-dichloromethyl-5-hydroxy-2(5H)-furanone),cancer,SQE,0.11,,2000-12-22
88671-89-0,Myclobutanil,"developmental, male reproductive",AB,,,1999-04-16
123-35-3,beta-Myrcene,cancer,AB,,,2015-03-27
142-59-6,Nabam,developmental,AB,,,1999-03-30
86220-42-0,Nafarelin acetate,developmental,FR,,,1990-04-01
3771-19-5,Nafenopin,cancer,SQE,,,1988-04-01
389-08-2,Nalidixic acid,cancer,AB,28,,1998-05-15
91-20-3,Naphthalene,cancer,AB,5.8,,2002-04-19
134-32-7,1-Naphthylamine,cancer,LC,,,1989-10-01
91-59-8,2-Naphthylamine,cancer,LC,0.4,,1987-02-27
1405-10-3,Neomycin sulfate (internal use),developmental,FR,,,1992-10-01
56391-57-2,Netilmicin sulfate,developmental,FR,,,1990-07-01
7440-02-0,Nickel (Metallic),cancer,LC,,,1989-10-01
373-02-4,Nickel acetate,cancer,LC,,,1989-10-01
3333-67-3,Nickel carbonate,cancer,LC,,,1989-10-01
13463-39-3,Nickel carbonyl,cancer,SQE,,,1987-10-01
13463-39-3,Nickel carbonyl,developmental,AB,,,1996-09-01
---,Nickel compounds,cancer,LC,,,2004-05-07
---,Nickel (soluble compounds),"developmental, male reproductive",SQE,,,2018-10-26
12054-48-7; 12125-56-3,Nickel hydroxide,cancer,LC,,,1989-10-01
1271-28-9,Nickelocene,cancer,LC,,,1989-10-01
1313-99-1,Nickel oxide,cancer,LC,,,1989-10-01
---,Nickel refinery dust from the pyrometallurgical process,cancer,SQE,0.8,,1987-10-01
12035-72-2,Nickel subsulfide,cancer,SQE,0.4,,1987-10-01
54-11-5,Nicotine,developmental,FR,,,1990-04-01
21829-25-4,Nifedipine,"developmental, female reproductive, male reproductive",FR,,,1999-01-29
66085-59-4,Nimodipine,developmental,FR,,,2001-04-24
61-57-4,Niridazole,cancer,SQE,,,1988-04-01
1929-82-4,"Nitrapyrin [Basis for listing changed effective on November 4, 2015]",cancer,SQE,,,2005-10-05
1929-82-4,Nitrapyrin,developmental,AB,,,1999-03-30
139-13-9,Nitrilotriacetic acid,cancer,SQE,100,,1988-01-01
18662-53-8,"Nitrilotriacetic acid, trisodium salt monohydrate",cancer,SQE,70,,1989-04-01
602-87-9,5-Nitroacenaphthene,cancer,SQE,6,,1988-04-01
91-23-6,o-Nitroanisole,cancer,AB,,,1992-10-01
100-17-4,para-Nitroanisole,cancer,LC,,,2019-09-13
98-95-3,Nitrobenzene,cancer,AB,,,1997-08-26
98-95-3,Nitrobenzene,male reproductive,AB,,,2010-03-30
92-93-3,4-Nitrobiphenyl,cancer,SQE,,,1988-04-01
7496-02-8,6-Nitrochrysene,cancer,AB,,,1990-10-01
1836-75-5,Nitrofen (technical grade),cancer,SQE,9,,1988-01-01
607-57-8,2-Nitrofluorene,cancer,AB,,,1990-10-01
67-20-9,Nitrofurantoin,male reproductive,AB,,,1991-04-01
59-87-0,Nitrofurazone,cancer,AB,0.5,,1990-01-01
555-84-0,1-[(5-Nitrofurfurylidene)-amino]-2-imidazolidinone,cancer,SQE,0.4,,1988-04-01
531-82-8,N-[4-(5-Nitro-2-furyl)-2-thiazolyl]acetamide,cancer,SQE,0.5,,1988-04-01
51-75-2,Nitrogen mustard (Mechlorethamine),cancer,SQE,,,1988-01-01
51-75-2,Nitrogen mustard (Mechlorethamine),developmental,SQE,,,1989-01-01
55-86-7,Nitrogen mustard hydrochloride (Mechlorethamine hydrochloride),cancer,SQE,,,1988-04-01
55-86-7,Nitrogen mustard hydrochloride (Mechlorethamine hydrochloride),developmental,FR,,,1990-07-01
126-85-2,Nitrogen mustard N-oxide,cancer,SQE,,,1988-04-01
302-70-5,Nitrogen mustard N-oxide hydrochloride,cancer,SQE,,,1988-04-01
75-52-5,Nitromethane,cancer,AB,39,,1997-05-01
79-46-9,2-Nitropropane,cancer,SQE,,,1988-01-01
5522-43-0,1-Nitropyrene,cancer,AB,,,1990-10-01
57835-92-4,4-Nitropyrene,cancer,AB,,,1990-10-01
924-16-3,N-Nitrosodi-n-butylamine,cancer,SQE,0.06,,1987-10-01
1116-54-7,N-Nitrosodiethanolamine,cancer,SQE,0.3,,1988-01-01
55-18-5,N-Nitrosodiethylamine,cancer,SQE,0.02,,1987-10-01
62-75-9,N-Nitrosodimethylamine,cancer,SQE,0.04,,1987-10-01
156-10-5,p-Nitrosodiphenylamine,cancer,SQE,30,,1988-01-01
86-30-6,N-Nitrosodiphenylamine,cancer,SQE,80,,1988-04-01
621-64-7,N-Nitrosodi-n-propylamine,cancer,SQE,0.1,,1988-01-01
759-73-9,N-Nitroso-N-ethylurea,cancer,SQE,0.03,,1987-10-01
932-83-2,N-Nitrosohexamethyleneimine,cancer,SQE,,,2018-11-23
60153-49-3,3-(N-Nitrosomethylamino) propionitrile,cancer,AB,,,1990-04-01
64091-91-4,4-(N-Nitrosomethylamino)-1-(3-pyridyl)1-butanone,cancer,AB,0.014,,1990-04-01
7068-83-9,N-Nitrosomethyl-n-butylamine,cancer,SQE,,,2014-12-26
75881-22-0,N-Nitrosomethyl-n-decylamine,cancer,SQE,,,2014-12-26
55090-44-3,N-Nitrosomethyl-n-dodecylamine,cancer,SQE,,,2014-12-26
10595-95-6,N-Nitrosomethylethylamine,cancer,LC,0.03,,1989-10-01
16338-99-1,N-Nitrosomethyl-n-heptylamine,cancer,SQE,,,2014-12-26
28538-70-7,N-Nitrosomethyl-n-hexylamine,cancer,SQE,,,2014-12-26
75881-19-5,N-Nitrosomethyl-n-nonylamine,cancer,SQE,,,2014-12-26
34423-54-6,N-Nitrosomethyl-n-octylamine,cancer,SQE,,,2014-12-26
13256-07-0,N-Nitrosomethyl-n-pentylamine,cancer,SQE,,,2014-12-26
924-46-9,N-Nitrosomethyl-n-propylamine,cancer,SQE,,,2014-12-26
75881-20-8,N-Nitrosomethyl-n-tetradecylamine,cancer,SQE,,,2014-12-26
68107-26-6,N-Nitrosomethyl-n-undecylamine,cancer,SQE,,,2014-12-26
684-93-5,N-Nitroso-N-methylurea,cancer,SQE,0.006,,1987-10-01
615-53-2,N-Nitroso-N-methylurethane,cancer,SQE,0.006,,1988-04-01
4549-40-0,N-Nitrosomethylvinylamine,cancer,SQE,,,1988-01-01
59-89-2,N-Nitrosomorpholine,cancer,SQE,0.1,,1988-01-01
16543-55-8,N-Nitrosonornicotine,cancer,SQE,0.5,,1988-01-01
100-75-4,N-Nitrosopiperidine,cancer,SQE,0.07,,1988-01-01
930-55-2,N-Nitrosopyrrolidine,cancer,SQE,0.3,,1987-10-01
13256-22-9,N-Nitrososarcosine,cancer,SQE,,,1988-01-01
88-72-2,o-Nitrotoluene,cancer,AB,,,1998-05-15
10024-97-2,"Nitrous oxide [Basis for listing changed effective November 8, 2013]","developmental, female reproductive",AB,,,2008-08-01
68-22-4,Norethisterone (Norethindrone),cancer,LC,,,1989-10-01
68-22-4,Norethisterone (Norethindrone),developmental,FR,,,1990-04-01
51-98-9,Norethisterone acetate (Norethindrone acetate),developmental,FR,,,1991-10-01
68-22-4/               57-63-6,Norethisterone (Norethindrone) /Ethinyl estradiol,developmental,FR,,,1990-04-01
68-22-4/           72-33-3,Norethisterone (Norethindrone) /Mestranol,developmental,FR,,,1990-04-01
68-23-5,Norethynodrel,cancer,AB,,,2001-02-27
6533-00-2,Norgestrel,developmental,FR,,,1990-04-01
303-47-9,Ochratoxin A,cancer,AB,,,1990-07-01
2646-17-5,Oil Orange SS,cancer,SQE,,,1988-04-01
---,"Oral contraceptives, combined",cancer,LC,,,1989-10-01
---,"Oral contraceptives, sequential",cancer,LC,,,1989-10-01
19044-88-3,Oryzalin,cancer,AB,,,2008-09-12
19666-30-9,Oxadiazon,cancer,SQE,,,1991-07-01
19666-30-9,Oxadiazon,developmental,AB,,,1998-05-15
604-75-1,Oxazepam,cancer,AB,,,1994-10-01
604-75-1,Oxazepam,developmental,FR,,,1992-10-01
301-12-2,Oxydemeton methyl,"female reproductive, male reproductive",AB,,,1998-11-06
434-07-1,Oxymetholone,cancer,SQE,,,1988-01-01
434-07-1,Oxymetholone,developmental,FR,,,1997-05-01
79-57-2,Oxytetracycline (internal use),developmental,FR,,,1991-01-01
2058-46-0,Oxytetracycline hydrochloride (internal use),developmental,FR,,,1991-10-01
2439-01-2,Oxythioquinox (Chinomethionat),cancer,AB,,,1999-08-20
2439-01-2,Oxythioquinox (Chinomethionat),developmental,AB,,,1998-11-06
33069-62-4,Paclitaxel,"developmental, female reproductive, male reproductive",FR,,,1997-08-26
12174-11-7,Palygorskite fibers (> 5ćm in length),cancer,AB,,,1999-12-28
794-93-4,Panfuran S,cancer,SQE,,,1988-01-01
115-67-3,Paramethadione,developmental,FR,,,1990-07-01
56-38-2,Parathion,cancer,LC,,,2016-05-20
52-67-5,Penicillamine,developmental,FR,,,1991-01-01
---,pentabromodiphenyl ether mixture [DE-71 (technical grade)],cancer,AB,,,2017-07-07
87-86-5,Pentachlorophenol,cancer,AB,40,,1990-01-01
---,Pentachlorophenol and by-products of its synthesis (complex mixture),cancer,AB,,,2016-10-21
57-33-0,Pentobarbital sodium,developmental,FR,,,1990-07-01
---,Pentosan polysulfate sodium,cancer,LC,,,2014-04-18
53910-25-1,Pentostatin,developmental,FR,,,1996-09-01
---,Perfluorononanoic acid (PFNA) and its salts,male reproductive,SQE,,,2021-12-31
1763-23-1,Perfluorooctane sulfonate (PFOS),developmental,AB,,,2017-11-10
---,Perfluorooctane sulfonic acid (PFOS) and its salts and transformation and degradation precursors,cancer,SQE,,,2021-12-24
335-67-1,Perfluorooctanoic acid (PFOA),cancer,AB,,,2022-02-25
335-67-1,Perfluorooctanoic acid (PFOA),developmental,AB,,,2017-11-10
380610-27-5,Pertuzumab,developmental,FR,,,2017-01-27
63-98-9,Phenacemide,developmental,FR,,,1990-07-01
62-44-2,Phenacetin,cancer,LC,300,,1989-10-01
94-78-0,Phenazopyridine,cancer,SQE,4,,1988-01-01
136-40-3,Phenazopyridine hydrochloride,cancer,SQE,5,,1988-01-01
3546-10-9,Phenesterin,cancer,SQE,0.005,,1989-07-01
50-06-6,Phenobarbital,cancer,AB,2,,1990-01-01
77-09-8,Phenolphthalein,cancer,AB,,,1998-05-15
59-96-1,Phenoxybenzamine,cancer,SQE,0.2,,1988-04-01
63-92-3,Phenoxybenzamine hydrochloride,cancer,SQE,0.3,,1988-04-01
435-97-2,Phenprocoumon,developmental,FR,,,1992-10-01
95-54-5,o-Phenylenediamine and its salts,cancer,AB,,,1998-05-15
122-60-1,Phenyl glycidyl ether,cancer,AB,5,,1990-10-01
---,Phenylhydrazine and its salts,cancer,AB,,,1992-07-01
132-27-4,"o-Phenylphenate, sodium",cancer,AB,200,,1990-01-01
90-43-7,o-Phenylphenol,cancer,AB,,,2000-08-04
105650-23-5,"PhiP(2-Amino-1-methyl-6-phenylimidazol[4,5-b]pyridine)",cancer,AB,,,1994-10-01
2062-78-4,Pimozide,"developmental, female reproductive",FR,,,1999-08-20
111025-46-8,Pioglitazone,cancer,LC,,,2014-04-18
54-91-1,Pipobroman,developmental,FR,,,1990-07-01
23103-98-2,Pirimicarb,cancer,AB,,,2008-07-01
18378-89-7,Plicamycin,developmental,FR,,,1990-04-01
---,Polybrominated biphenyls,cancer,SQE,0.02,,1988-01-01
---,Polybrominated biphenyls,developmental,AB,,,1994-10-01
---,Polychlorinated biphenyls,cancer,LC,0.09,,1989-10-01
---,Polychlorinated biphenyls,developmental,SQE,,,1991-01-01
---,Polychlorinated biphenyls (containing 60 or more percent chlorine by molecular weight),cancer,SQE,,,1988-01-01
---,Polychlorinated dibenzo-p-dioxins,cancer,FR,,,1992-10-01
---,Polychlorinated dibenzofurans,cancer,FR,,,1992-10-01
53973-98-1,Polygeenan,cancer,SQE,1200,,1988-01-01
3761-53-3,Ponceau MX,cancer,SQE,200,,1988-04-01
3564-09-8,Ponceau 3R,cancer,SQE,40,,1988-04-01
7758-01-2,Potassium bromate,cancer,AB,1,,1990-01-01
128-03-0,Potassium dimethyldithiocarbamate,developmental,AB,,720,1999-03-30
81131-70-6,Pravastatin sodium,developmental,FR,,,2000-03-03
125-02-0,Prednisolone sodium phosphate,developmental,FR,,,1999-08-20
125-33-7,Primidone,cancer,AB,,,1999-08-20
671-16-9,Procarbazine,cancer,SQE,0.05,,1988-01-01
366-70-1,Procarbazine hydrochloride,cancer,SQE,0.06,,1988-01-01
366-70-1,Procarbazine hydrochloride,developmental,FR,,,1990-07-01
32809-16-8,Procymidone,cancer,AB,,,1994-10-01
57-83-0,Progesterone,cancer,SQE,,,1988-01-01
23950-58-5,Pronamide,cancer,AB,,,1996-05-01
1918-16-7,Propachlor,cancer,AB,,,2001-02-27
1120-71-4,"1,3-Propane sultone",cancer,SQE,0.3,,1988-01-01
2312-35-8,Propargite,cancer,AB,,,1994-10-01
2312-35-8,Propargite,developmental,AB,,,1999-06-15
139-40-2,Propazine,"developmental, female reproductive",AB,,100,2016-07-15
57-57-8,beta-Propiolactone,cancer,SQE,0.05,,1988-01-01
114-26-1,Propoxur,cancer,AB,,,2006-08-11
57018-52-7,Propylene glycol mono-t-butyl ether,cancer,AB,,,2004-06-11
75-56-9,Propylene oxide,cancer,SQE,,,1988-10-01
51-52-5,Propylthiouracil,cancer,SQE,0.7,,1988-01-01
51-52-5,Propylthiouracil,developmental,FR,,,1990-07-01
89-82-7,Pulegone,cancer,LC,,,2014-04-18
123312-89-0,Pymetrozine,cancer,AB,,,2011-03-22
110-86-1,Pyridine,cancer,AB,,,2002-05-17
58-14-0,Pyrimethamine,developmental,FR,,,1999-01-29
36735-22-5,Quazepam,developmental,FR,,,1997-08-26
---,Quinoline and its strong acid salts,cancer,SQE,,,1997-10-24
76578-14-8,Quizalofop-ethyl,male reproductive,SQE,,590,1999-12-24
---,Radionuclides,cancer,SQE,,,1989-07-01
50-55-5,Reserpine,cancer,LC,0.06,,1989-10-01
---,Residual (heavy) fuel oils,cancer,AB,,,1990-10-01
10453-86-8,Resmethrin,cancer,AB,,,2008-07-01
10453-86-8,Resmethrin,developmental,AB,,,1998-11-06
---,"Retinol/retinyl esters, when in daily dosages in excess of 10,000 IU, or 3,000 retinol equivalents.  (NOTE:  Retinol/retinyl esters are required and essential for maintenance of normal reproductive function.  The recommended daily level during pregnancy is 8,000 IU.)",developmental,SQE,,,1989-07-01
36791-04-5,Ribavirin,developmental,FR,,,1990-04-01
36791-04-5,Ribavirin,male reproductive,FR,,,2001-02-27
23246-96-0,Riddelliine,cancer,LC,,,2004-12-03
13292-46-1,Rifampin,"developmental, female reproductive",FR,,,2001-02-27
94-59-7,Safrole,cancer,SQE,3,,1988-01-01
---,"Salted fish, Chinese-style",cancer,LC,,,2011-04-29
309-43-3,Secobarbital sodium,developmental,FR,,,1992-10-01
874967-67-6,Sedaxane,cancer,AB,,,2016-07-01
7446-34-6,Selenium sulfide,cancer,LC,,,1989-10-01
---,Sermorelin acetate,developmental,FR,,,1999-08-20
68308-34-9,Shale-oils,cancer,AB,,,1990-04-01
---,"Silica, crystalline (airborne particles of respirable size)",cancer,SQE,,,1988-10-01
---,Silicon carbide whiskers,cancer,LC,,,2023-11-17
122-34-9,Simazine,"developmental, female reproductive",AB,,100,2016-07-15
128-04-1,Sodium dimethyldithiocarbamate,developmental,AB,,23,1999-03-30
62-74-8,Sodium fluoroacetate,male reproductive,AB,,,1998-11-06
---,"Soots, tars, and mineral oils (untreated and mildly treated oils and used engine oils)",cancer,LC,,,1987-02-27
148477-71-8,Spirodiclofen,cancer,AB,,,2010-10-08
52-01-7,Spironolactone,cancer,FR,,,1997-05-01
10418-03-8,Stanozolol,cancer,FR,,,1997-05-01
10048-13-2,Sterigmatocystin,cancer,SQE,0.02,,1988-04-01
3810-74-0,Streptomycin sulfate,developmental,FR,,,1991-01-01
18883-66-4,Streptozocin (streptozotocin),"developmental, female reproductive, male reproductive",FR,,,1999-08-20
18883-66-4,Streptozotocin (streptozocin),cancer,SQE,0.006,,1988-01-01
---,Strong inorganic acid mists containing sulfuric acid,cancer,AB,,,2003-03-14
100-42-5,Styrene,cancer,AB,27,,2016-04-22
96-09-3,Styrene oxide,cancer,SQE,4,,1988-10-01
95-06-7,Sulfallate,cancer,SQE,4,,1988-01-01
599-79-1,Sulfasalazine (Salicylazosulfapyridine),cancer,AB,,,1998-05-15
599-79-1,Sulfasalazine (Salicylazosulfapyridine),male reproductive,FR,,,1999-01-29
7446-09-5,Sulfur dioxidee,developmental,SQE,,10000,2011-07-29
38194-50-2,Sulindac,"developmental, female reproductive",FR,,,1999-01-29
---,Talc containing asbestiform fibers,cancer,AB,,,1990-04-01
10540-29-1,Tamoxifen and its salts,cancer,SQE,,,1996-09-01
54965-24-1,Tamoxifen citrate,developmental,FR,,,1990-07-01
846-50-4,Temazepam,developmental,FR,,,1990-04-01
29767-20-2,Teniposide,developmental,FR,,,1996-09-01
5902-51-2,Terbacil,developmental,AB,,,1999-05-18
52232-67-4,Teriparatide,cancer,FR,,,2015-08-14
2593-15-9,Terrazole,cancer,AB,,,1994-10-01
58-22-0,Testosterone and its esters,cancer,SQE,,,1988-04-01
58-20-8,Testosterone cypionate,developmental,FR,,,1991-10-01
315-37-7,Testosterone enanthate,developmental,FR,,,1990-04-01
79-94-7,Tetrabromobisphenol A,cancer,LC,,,2017-10-27
14047-09-7,"3,3',4,4'-Tetrachloroazobenzene",cancer,AB,,,2012-07-24
1746-01-6,"2,3,7,8-Tetrachlorodibenzo-p-dioxin (TCDD)",cancer,SQE,0.000005,,1988-01-01
1746-01-6,"2,3,7,8-Tetrachlorodibenzo-p-dioxin (TCDD)",developmental,AB,,,1991-04-01
630-20-6,"1,1,1,2-Tetrachloroethane",cancer,LC,,,2013-09-13
79-34-5,"1,1,2,2-Tetrachloroethane",cancer,AB,3,,1990-07-01
127-18-4,Tetrachloroethylene (Perchloroethylene),cancer,SQE,14,,1988-04-01
5216-25-1,"p-a,a,a-Tetrachlorotoluene",cancer,AB,,,1990-01-01
22248-79-9,Tetrachlorvinphos,cancer,LC,,,2016-05-20
60-54-8,Tetracycline (internal use),developmental,FR,,,1991-10-01
---,Tetracyclines (internal use),developmental,FR,,,1992-10-01
64-75-5,Tetracycline hydrochloride (internal use),developmental,FR,,,1991-01-01
116-14-3,Tetrafluoroethylene,cancer,AB,,,1997-05-01
,?9-Tetrahydrocannabinol (?9-THC),developmental,SQE,,,2020-01-03
109-99-9,Tetrahydrofuran,cancer,LC,,,2021-12-17
509-14-8,Tetranitromethane,cancer,AB,0.059,,1990-07-01
50-35-1,Thalidomide,developmental,SQE,,,1987-07-01
62-55-5,Thioacetamide,cancer,SQE,0.1,,1988-01-01
139-65-1,"4,4'-Thiodianiline",cancer,SQE,0.05,,1988-04-01
59669-26-0,Thiodicarb,cancer,AB,,,1999-08-20
154-42-7,Thioguanine,developmental,FR,,,1990-07-01
23564-05-8,Thiophanate methyl,"female reproductive, male reproductive",AB,,600,1999-05-18
62-56-6,Thiourea,cancer,SQE,10,,1988-01-01
1314-20-1,Thorium dioxide,cancer,LC,,,1987-02-27
---,"Titanium dioxide (airborne, unbound particles of respirable size)",cancer,LC,440,,2011-09-02
---,"Tobacco, oral use of smokeless products",cancer,SQE,,,1988-04-01
---,Tobacco smoke,cancer,SQE,,,1988-04-01
---,Tobacco smoke (primary),"developmental, female reproductive, male reproductive",SQE,,,1988-04-01
49842-07-1,Tobramycin sulfate,developmental,FR,,,1990-07-01
108-88-3,Toluene,developmental,SQE,,7000,1991-01-01
108-88-3,"Toluene [Click here for the basis for the removal of female reproductive endpoint effective March 7, 2014]",female reproductive,LC,,,2009-08-07
26471-62-5,Toluene diisocyanate,cancer,LC,20,,1989-10-01
95-53-4,o-Toluidine,cancer,SQE,4,,1988-01-01
636-21-5,o-Toluidine hydrochloride,cancer,SQE,5,,1988-01-01
97240-79-4,Topiramate,developmental,FR,,,2015-11-27
8001-35-2,Toxaphene (Polychlorinated camphenes),cancer,SQE,0.6,,1988-01-01
---,Toxins derived from Fusarium moniliforme (Fusarium verticillioides),cancer,LC,,,2009-08-07
299-75-2,Treosulfan,cancer,LC,,,1987-02-27
43121-43-3,Triadimefon,"developmental, female reproductive, male reproductive",AB,,,1999-03-30
396-01-0,Triamterene,cancer,LC,,,2014-04-18
28911-01-5,Triazolam,developmental,FR,,,1990-04-01
78-48-8,"S,S,S-Tributyl phosphorotrithioate (Tribufos, DEF)",cancer,AB,,,2011-02-25
2155-70-6,Tributyltin methacrylate,developmental,AB,,,1999-12-01
817-09-4,Trichlormethine (Trimustine hydrochloride),cancer,AB,,,1992-01-01
76-03-9,Trichloroacetic acid,cancer,LC,9.9,,2013-09-13
71-55-6,"1,1,1-Trichloroethane",cancer,LC,,,2023-04-21
79-01-6,Trichloroethylene,cancer,SQE,14,,1988-04-01
79-01-6,Trichloroethylene,"developmental, male reproductive",AB,,,2014-01-31
88-06-2,"2,4,6-Trichlorophenol",cancer,SQE,10,,1988-01-01
96-18-4,"1,2,3-Trichloropropane",cancer,AB,,,1992-10-01
38260-01-4,Trientine hydrochloride,developmental,FR,,,2001-02-27
26644-46-2,Triforine,developmental,AB,,,1999-06-18
13647-35-3,Trilostane,developmental,FR,,,1990-04-01
127-48-0,Trimethadione,developmental,FR,,,1991-01-01
---,"2,4,5-Trimethylaniline and its strong acid salts",cancer,SQE,,,1997-10-24
---,"Trimethylolpropane triacrylate, technical grade",cancer,LC,,,2021-12-17
512-56-1,Trimethyl phosphate,cancer,AB,24,,1996-05-01
82952-64-5,Trimetrexate glucuronate,developmental,FR,,,1997-08-26
---,TRIM? VX,cancer,AB,,,2018-05-25
118-96-7,"2,4,6-Trinitrotoluene (TNT)",cancer,SQE,8.2,,2008-12-19
76-87-9,Triphenyltin hydroxide,cancer,AB,,,1992-07-01
76-87-9,Triphenyltin hydroxide,developmental,AB,,,2002-03-18
52-24-4,Tris(1-aziridinyl)phosphine sulfide (Thiotepa),cancer,SQE,0.06,,1988-01-01
115-96-8,Tris(2-chloroethyl) phosphate,cancer,AB,,,1992-04-01
126-72-7,"Tris(2,3-dibromopropyl)phosphate",cancer,SQE,0.3,,1988-01-01
13674-87-8,"Tris(1,3-dichloro-2-propyl) phosphate (TDCPP)",cancer,SQE,5.4,,2011-10-28
62450-06-0,Trp-P-1 (Tryptophan-P-1),cancer,SQE,0.03,,1988-04-01
62450-07-1,Trp-P-2 (Tryptophan-P-2),cancer,SQE,0.2,,1988-04-01
72-57-1,Trypan blue (commercial grade),cancer,LC,,,1989-10-01
---,Unleaded gasoline (wholly vaporized),cancer,SQE,,,1988-04-01
66-75-1,Uracil mustard,cancer,SQE,,,1988-04-01
66-75-1,Uracil mustard,"developmental, female reproductive, male reproductive",FR,,,1992-01-01
51-79-6,Urethane (Ethyl carbamate),cancer,SQE,0.7,,1988-01-01
51-79-6,Urethane (Ethyl carbamate),developmental,AB,,,1994-10-01
97048-13-0,Urofollitropin,developmental,FR,,,1990-04-01
99-66-1,Valproate (Valproic acid),developmental,SQE,,,1987-07-01
1314-62-1,Vanadium pentoxide (orthorhombic crystalline form),cancer,AB,,,2005-02-11
143-67-9,Vinblastine sulfate,developmental,FR,,,1990-07-01
50471-44-8,"Vinclozolin [basis for listing changed on November 16, 2006]",cancer,SQE,,,1999-08-20
50471-44-8,Vinclozolin,developmental,AB,,,1998-05-15
2068-78-2,Vincristine sulfate,developmental,FR,,,1990-07-01
108-05-4,Vinyl acetate,cancer,SQE,,,2025-01-03
593-60-2,Vinyl bromide,cancer,SQE,,,1988-10-01
75-01-4,Vinyl chloride,cancer,LC,3,,1987-02-27
100-40-3,4-Vinylcyclohexene,cancer,AB,,,1996-05-01
100-40-3,"4-Vinylcyclohexene [Click here for the basis for the removal of male reproductive endpoint, effective December 20, 2013 ]","female reproductive, male reproductive",SQE,,,2009-08-07
106-87-6,4-Vinyl-1-cyclohexene diepoxide (Vinyl cyclohexenedioxide),cancer,AB,,,1990-07-01
106-87-6,"Vinyl cyclohexene dioxide (4-Vinyl-1-cyclohexene diepoxide) [Click here for the basis for the removal of male reproductive endpoint, effective December 20, 2013]","female reproductive, male reproductive",SQE,,,2008-08-01
75-02-5,Vinyl fluoride,cancer,AB,,,1997-05-01
79-00-5,"Vinyl trichloride (1,1,2-Trichloroethane)",cancer,AB,10,,1990-10-01
879085-55-9,Vismodegib,"developmental, female reproductive, male reproductive",FR,,,2017-01-27
81-81-2,Warfarin,developmental,SQE,,,1987-07-01
---,Wood dust,cancer,LC,,,2009-12-18
87-62-7,"2,6-Xylidine (2,6-Dimethylaniline)",cancer,AB,110,,1991-01-01
7481-89-2,Zalcitabine,cancer,LC,,,2009-08-07
30516-87-1,Zidovudine (AZT),cancer,LC,,,2009-12-18
111406-87-2,Zileuton,"cancer, developmental, female reproductive",FR,,,2000-12-22
